incident_id,date,conflict_type,species_involved,village,distance_to_forest,compensation_amount,severity_score
INC_000,2023-01-01,Human Injury,Tiger,Village_0,1.6582997603949379,7844.107954238797,4
INC_001,2023-01-02,Crop Damage,Rhino,Village_1,0.531495921729479,6258.366345455142,2
INC_002,2023-01-03,Livestock Loss,Elephant,Village_2,1.916033575185323,1342.8344043057568,5
INC_003,2023-01-04,Human Injury,Elephant,Village_3,2.6773721877456467,8897.036352858784,1
INC_004,2023-01-05,Crop Damage,Tiger,Village_4,2.8231105785420674,3671.165264321481,1
INC_005,2023-01-06,Livestock Loss,Rhino,Village_5,6.705135986187676,9973.673892218292,3
INC_006,2023-01-07,Property Damage,Tiger,Village_6,2.178245873286435,9587.716573013071,1
INC_007,2023-01-08,Property Damage,Elephant,Village_7,6.766583044949845,9464.776450137686,2
INC_008,2023-01-09,Near Miss,Lion,Village_8,0.9113217323379974,8300.148436575764,5
INC_009,2023-01-10,Property Damage,Lion,Village_9,1.4720246109790902,2985.5199851518832,3
INC_010,2023-01-11,Near Miss,Leopard,Village_10,5.088214484909949,5793.694696259038,2
INC_011,2023-01-12,Property Damage,Lion,Village_11,9.218958025766426,3018.7236414247714,1
INC_012,2023-01-13,Property Damage,Rhino,Village_12,8.59567588811114,3337.079100300543,4
INC_013,2023-01-14,Property Damage,Leopard,Village_13,9.687534424428032,6498.565924926496,2
INC_014,2023-01-15,Near Miss,Rhino,Village_14,6.504790652781709,1367.5019081775704,4
INC_015,2023-01-16,Near Miss,Lion,Village_15,6.75814866416092,9725.127101386368,4
INC_016,2023-01-17,Human Injury,Lion,Village_16,6.250229989314921,9268.05855320168,3
INC_017,2023-01-18,Crop Damage,Elephant,Village_17,6.228189228581973,4426.908149419478,5
INC_018,2023-01-19,Crop Damage,Rhino,Village_18,1.4712034506758465,5638.802032062217,1
INC_019,2023-01-20,Crop Damage,Tiger,Village_19,5.437389561639287,5195.074773409831,1
INC_020,2023-01-21,Property Damage,Elephant,Village_0,3.8606793345172576,8939.798007557227,2
INC_021,2023-01-22,Crop Damage,Rhino,Village_1,4.425372157772935,7197.416886845,1
INC_022,2023-01-23,Near Miss,Leopard,Village_2,5.236005730592374,3503.001226819208,3
INC_023,2023-01-24,Human Injury,Rhino,Village_3,1.283961718022516,5021.571290187672,1
INC_024,2023-01-25,Livestock Loss,Leopard,Village_4,3.5948773385211985,4860.693781180874,2
INC_025,2023-01-26,Human Injury,Leopard,Village_5,0.6344956087660358,9634.016514555267,1
INC_026,2023-01-27,Crop Damage,Lion,Village_6,9.796681304223991,2577.798194631757,5
INC_027,2023-01-28,Crop Damage,Tiger,Village_7,1.1852802882012614,1806.1870356498614,4
INC_028,2023-01-29,Near Miss,Rhino,Village_8,2.585247385449545,8925.569489455213,4
INC_029,2023-01-30,Human Injury,Tiger,Village_9,8.912929267033972,9070.173905552838,4
INC_030,2023-01-31,Near Miss,Leopard,Village_10,4.827100462391418,8845.651791209482,5
INC_031,2023-02-01,Near Miss,Lion,Village_11,1.356372015206303,5598.792240630008,3
INC_032,2023-02-02,Livestock Loss,Tiger,Village_12,3.8423053803934892,6937.699854425144,2
INC_033,2023-02-03,Near Miss,Elephant,Village_13,1.1586799419138583,6070.2674280488545,5
INC_034,2023-02-04,Near Miss,Leopard,Village_14,2.0021599708450175,1625.0304344896083,2
INC_035,2023-02-05,Livestock Loss,Elephant,Village_15,0.5202984694984503,6362.514072106502,3
INC_036,2023-02-06,Property Damage,Tiger,Village_16,4.382274945490999,1122.527325304908,5
INC_037,2023-02-07,Property Damage,Tiger,Village_17,8.066361217252599,3924.8866860137755,1
INC_038,2023-02-08,Livestock Loss,Tiger,Village_18,5.859691786998955,9390.633182858503,3
INC_039,2023-02-09,Near Miss,Rhino,Village_19,6.063453054846118,3736.407426722268,4
INC_040,2023-02-10,Crop Damage,Leopard,Village_0,2.0058403008324035,9458.43978379823,5
INC_041,2023-02-11,Human Injury,Leopard,Village_1,3.438938432523665,3251.2056143431982,3
INC_042,2023-02-12,Crop Damage,Leopard,Village_2,8.45242103840832,3831.0601641537924,3
INC_043,2023-02-13,Crop Damage,Rhino,Village_3,0.8785618432651454,6655.667467946982,5
INC_044,2023-02-14,Near Miss,Tiger,Village_4,8.579306536685337,7854.642755103653,4
INC_045,2023-02-15,Human Injury,Tiger,Village_5,4.836900262647856,5512.489912043957,4
INC_046,2023-02-16,Human Injury,Elephant,Village_6,8.371474313251174,8939.041184747399,3
INC_047,2023-02-17,Property Damage,Rhino,Village_7,3.1800641939440033,1362.1637944955733,2
INC_048,2023-02-18,Livestock Loss,Lion,Village_8,3.3884295158302082,9299.753547709335,3
INC_049,2023-02-19,Near Miss,Rhino,Village_9,7.5160486832314275,2766.770199058672,5
INC_050,2023-02-20,Human Injury,Elephant,Village_10,7.849961733922202,8958.148705761903,5
INC_051,2023-02-21,Near Miss,Elephant,Village_11,2.2964467799014674,4607.768615377425,5
INC_052,2023-02-22,Property Damage,Elephant,Village_12,9.728713248219055,8494.813502839339,4
INC_053,2023-02-23,Crop Damage,Tiger,Village_13,0.8449010424482895,7044.989948233256,1
INC_054,2023-02-24,Human Injury,Lion,Village_14,0.6850296310213089,2583.474692304359,5
INC_055,2023-02-25,Property Damage,Elephant,Village_15,5.955042152861028,9262.428128933036,5
INC_056,2023-02-26,Near Miss,Leopard,Village_16,7.227407677716214,3209.656514396137,2
INC_057,2023-02-27,Property Damage,Tiger,Village_17,9.608861292249738,3197.2610682549916,2
INC_058,2023-02-28,Property Damage,Lion,Village_18,4.049457807988616,8327.610069736424,3
INC_059,2023-03-01,Property Damage,Leopard,Village_19,0.25291408989633113,1952.8593001526892,3
INC_060,2023-03-02,Property Damage,Lion,Village_0,6.0289633944640695,2998.3231573341427,3
INC_061,2023-03-03,Property Damage,Lion,Village_1,2.8969602059877184,5533.098160789561,5
INC_062,2023-03-04,Property Damage,Leopard,Village_2,4.329471211954022,8474.29325817962,2
INC_063,2023-03-05,Livestock Loss,Rhino,Village_3,4.884694822499353,2327.3557726354074,3
INC_064,2023-03-06,Near Miss,Lion,Village_4,0.6451261073803383,5929.014110611117,2
INC_065,2023-03-07,Crop Damage,Rhino,Village_5,4.859817845641028,7401.165326226455,5
INC_066,2023-03-08,Near Miss,Lion,Village_6,4.263196668043148,8745.35702244356,5
INC_067,2023-03-09,Human Injury,Leopard,Village_7,7.125442652865932,9420.090041819976,3
INC_068,2023-03-10,Human Injury,Lion,Village_8,6.456659112123447,8061.759230220392,5
INC_069,2023-03-11,Near Miss,Elephant,Village_9,1.8521571815056104,6875.455583998017,5
INC_070,2023-03-12,Property Damage,Elephant,Village_10,2.06138918210397,4902.580767814892,2
INC_071,2023-03-13,Livestock Loss,Lion,Village_11,2.510061787743733,2008.9913876957767,1
INC_072,2023-03-14,Crop Damage,Leopard,Village_12,1.7895044029717733,7387.634732729692,4
INC_073,2023-03-15,Property Damage,Leopard,Village_13,6.572131996684671,9934.635740279382,3
INC_074,2023-03-16,Near Miss,Tiger,Village_14,9.944301792002705,7630.845352588899,1
INC_075,2023-03-17,Near Miss,Leopard,Village_15,6.521083405159366,1150.3998436395366,3
INC_076,2023-03-18,Livestock Loss,Rhino,Village_16,6.066815461912912,5466.3398023765485,1
INC_077,2023-03-19,Livestock Loss,Lion,Village_17,4.099279333510725,6531.819692346135,5
INC_078,2023-03-20,Near Miss,Elephant,Village_18,3.1258025885976073,7207.067809925587,3
INC_079,2023-03-21,Property Damage,Leopard,Village_19,9.110737569064792,7477.532520406377,1
INC_080,2023-03-22,Property Damage,Elephant,Village_0,9.69001874142153,6022.975970948716,4
INC_081,2023-03-23,Property Damage,Tiger,Village_1,4.967761755877278,3010.2429946081625,5
INC_082,2023-03-24,Crop Damage,Lion,Village_2,2.902004955065575,9479.80595328892,3
INC_083,2023-03-25,Crop Damage,Leopard,Village_3,7.701222076697677,7269.998208972957,3
INC_084,2023-03-26,Property Damage,Elephant,Village_4,1.3245679086687845,3131.5603318246854,1
INC_085,2023-03-27,Near Miss,Leopard,Village_5,7.655882376436816,3900.896490432456,3
INC_086,2023-03-28,Livestock Loss,Tiger,Village_6,8.189483743113387,9297.349035673327,5
INC_087,2023-03-29,Human Injury,Elephant,Village_7,1.2490394462716736,8987.366680366022,2
INC_088,2023-03-30,Livestock Loss,Elephant,Village_8,9.768614687965638,4646.317945222807,1
INC_089,2023-03-31,Livestock Loss,Lion,Village_9,9.855122903884784,1344.7649979230587,4
INC_090,2023-04-01,Human Injury,Lion,Village_10,9.367194793273512,1436.4763200454436,3
INC_091,2023-04-02,Property Damage,Elephant,Village_11,4.960348094062644,3555.2646182655017,5
INC_092,2023-04-03,Livestock Loss,Lion,Village_12,2.4607414227682844,6662.099974050995,3
INC_093,2023-04-04,Human Injury,Elephant,Village_13,5.82009280881913,6257.751718011056,4
INC_094,2023-04-05,Near Miss,Rhino,Village_14,4.199338384714357,6704.450082495484,5
INC_095,2023-04-06,Near Miss,Leopard,Village_15,2.059486447171971,7455.54674738896,4
INC_096,2023-04-07,Near Miss,Rhino,Village_16,4.236764096178476,1171.2902823346458,5
INC_097,2023-04-08,Property Damage,Rhino,Village_17,6.638898356775905,1945.770356551986,2
INC_098,2023-04-09,Livestock Loss,Leopard,Village_18,0.7091331078599106,4235.351066444913,5
INC_099,2023-04-10,Livestock Loss,Elephant,Village_19,3.3341800144601654,2393.7399776942357,4
INC_100,2023-04-11,Crop Damage,Elephant,Village_0,0.17794890012825193,1677.8803829009873,1
INC_101,2023-04-12,Near Miss,Lion,Village_1,7.4949550546167565,6768.679563975988,2
INC_102,2023-04-13,Property Damage,Tiger,Village_2,6.406912676167008,8338.028297419893,3
INC_103,2023-04-14,Human Injury,Elephant,Village_3,0.6267213470196586,7773.639916908543,2
INC_104,2023-04-15,Property Damage,Leopard,Village_4,9.647375596019678,8353.358007482613,2
INC_105,2023-04-16,Livestock Loss,Tiger,Village_5,0.22621557127100678,6992.708896520895,3
INC_106,2023-04-17,Near Miss,Leopard,Village_6,5.899606464760886,7618.10789632782,5
INC_107,2023-04-18,Crop Damage,Leopard,Village_7,7.763674617990558,3446.0089678747117,2
INC_108,2023-04-19,Property Damage,Leopard,Village_8,7.87896313044723,9937.07232655748,2
INC_109,2023-04-20,Crop Damage,Tiger,Village_9,0.34285135593203786,2648.490890444984,1
INC_110,2023-04-21,Livestock Loss,Rhino,Village_10,9.064151326404392,2930.4448695044425,1
INC_111,2023-04-22,Human Injury,Leopard,Village_11,9.184516719271222,3600.296486342622,4
INC_112,2023-04-23,Property Damage,Lion,Village_12,5.613903731543727,9777.99187095921,3
INC_113,2023-04-24,Livestock Loss,Elephant,Village_13,4.820831988871461,9894.597304185154,5
INC_114,2023-04-25,Near Miss,Elephant,Village_14,0.4486746306259981,8154.043747358478,5
INC_115,2023-04-26,Property Damage,Elephant,Village_15,5.619541425098687,6661.518387036704,4
INC_116,2023-04-27,Crop Damage,Tiger,Village_16,4.093790817702308,5680.563176661521,5
INC_117,2023-04-28,Property Damage,Lion,Village_17,7.728064074086562,9735.58761118161,5
INC_118,2023-04-29,Livestock Loss,Lion,Village_18,4.038835668860878,7260.605225724227,1
INC_119,2023-04-30,Livestock Loss,Lion,Village_19,6.835808333247098,9502.571154934272,5
INC_120,2023-05-01,Crop Damage,Lion,Village_0,1.014081462375308,3848.957195298615,5
INC_121,2023-05-02,Livestock Loss,Lion,Village_1,1.3295227076596694,4003.973130426091,4
INC_122,2023-05-03,Property Damage,Rhino,Village_2,1.3971019064915835,8692.52134706592,4
INC_123,2023-05-04,Crop Damage,Lion,Village_3,0.4552549979974352,2348.6942852676493,2
INC_124,2023-05-05,Livestock Loss,Lion,Village_4,5.413288592698038,9513.350751664682,5
INC_125,2023-05-06,Livestock Loss,Tiger,Village_5,7.93967726043636,5567.269191970668,5
INC_126,2023-05-07,Property Damage,Tiger,Village_6,6.104112036936661,9337.72490725328,5
INC_127,2023-05-08,Livestock Loss,Lion,Village_7,5.7495488555285625,4031.135098532318,1
INC_128,2023-05-09,Property Damage,Rhino,Village_8,6.806239284027365,7443.630137254573,5
INC_129,2023-05-10,Near Miss,Lion,Village_9,3.396453230720148,5345.876097754207,1
INC_130,2023-05-11,Property Damage,Lion,Village_10,3.6195407164822893,6641.2326722092575,2
INC_131,2023-05-12,Human Injury,Lion,Village_11,3.1427009822092256,5539.35243825237,3
INC_132,2023-05-13,Livestock Loss,Leopard,Village_12,7.1210893285357555,9704.040556342254,5
INC_133,2023-05-14,Near Miss,Rhino,Village_13,1.616403356707743,7228.948580325255,4
INC_134,2023-05-15,Crop Damage,Elephant,Village_14,0.1302528031292438,3261.870717636839,4
INC_135,2023-05-16,Human Injury,Lion,Village_15,5.961964467224924,9187.092297145762,5
INC_136,2023-05-17,Crop Damage,Elephant,Village_16,9.423813647342055,3646.267643395939,1
INC_137,2023-05-18,Human Injury,Rhino,Village_17,6.094079169963047,4344.445893707707,4
INC_138,2023-05-19,Near Miss,Lion,Village_18,7.829216529408951,1919.1132821819203,4
INC_139,2023-05-20,Near Miss,Elephant,Village_19,6.727907094660301,9099.698678165718,2
INC_140,2023-05-21,Near Miss,Elephant,Village_0,4.974366535230162,3575.008209050767,2
INC_141,2023-05-22,Human Injury,Rhino,Village_1,7.18392401783846,3330.2585613824413,2
INC_142,2023-05-23,Property Damage,Lion,Village_2,8.241041238552217,9282.363381954585,4
INC_143,2023-05-24,Crop Damage,Leopard,Village_3,2.24731644171698,8249.7417616453,4
INC_144,2023-05-25,Property Damage,Rhino,Village_4,3.3613048048314553,2269.7102936743695,5
INC_145,2023-05-26,Property Damage,Leopard,Village_5,2.2372573250328385,7923.920535133126,5
INC_146,2023-05-27,Livestock Loss,Lion,Village_6,4.52172955590441,9217.297882484118,1
INC_147,2023-05-28,Crop Damage,Elephant,Village_7,8.850645509166675,1706.6009638966952,4
INC_148,2023-05-29,Human Injury,Rhino,Village_8,3.4520710083533235,8426.934954141158,5
INC_149,2023-05-30,Livestock Loss,Rhino,Village_9,3.7446688913055337,5926.780466857504,5
INC_150,2023-05-31,Livestock Loss,Rhino,Village_10,8.603672346719318,7022.777044409206,2
INC_151,2023-06-01,Near Miss,Tiger,Village_11,5.153743307446752,5435.689050144432,2
INC_152,2023-06-02,Human Injury,Lion,Village_12,5.354489996474344,7280.2277641475075,2
INC_153,2023-06-03,Property Damage,Tiger,Village_13,8.60801203332213,1306.880755000779,3
INC_154,2023-06-04,Property Damage,Rhino,Village_14,4.905267370254732,7864.360509009553,5
INC_155,2023-06-05,Property Damage,Rhino,Village_15,6.815575346293953,1300.0932807306258,2
INC_156,2023-06-06,Near Miss,Leopard,Village_16,0.8564466587406072,5097.698629726091,2
INC_157,2023-06-07,Property Damage,Tiger,Village_17,1.786317131268853,2358.684938172654,4
INC_158,2023-06-08,Crop Damage,Elephant,Village_18,4.043762007162456,8412.168496161765,2
INC_159,2023-06-09,Property Damage,Lion,Village_19,4.948390678198749,3822.948182581017,4
INC_160,2023-06-10,Property Damage,Elephant,Village_0,9.657337012362294,5086.841901438993,1
INC_161,2023-06-11,Crop Damage,Elephant,Village_1,9.7065163304779,4858.756671684804,2
INC_162,2023-06-12,Near Miss,Lion,Village_2,8.511970874787616,7952.5176911623585,4
INC_163,2023-06-13,Livestock Loss,Rhino,Village_3,3.1559883528557453,5330.29923816378,2
INC_164,2023-06-14,Human Injury,Leopard,Village_4,9.640282908324396,8100.625015093115,1
INC_165,2023-06-15,Near Miss,Rhino,Village_5,6.893408646762126,1661.574491224077,2
INC_166,2023-06-16,Property Damage,Rhino,Village_6,3.929401278174004,2724.345711126956,4
INC_167,2023-06-17,Livestock Loss,Tiger,Village_7,7.016749169847664,5963.808246817246,1
INC_168,2023-06-18,Human Injury,Elephant,Village_8,0.1652272978652658,9523.794922774256,1
INC_169,2023-06-19,Human Injury,Elephant,Village_9,1.4615468227421358,1672.820620496023,1
INC_170,2023-06-20,Human Injury,Elephant,Village_10,8.296857115563677,1387.7579454117788,3
INC_171,2023-06-21,Crop Damage,Leopard,Village_11,6.455736368731712,2408.956074350701,4
INC_172,2023-06-22,Crop Damage,Leopard,Village_12,3.6419470129188403,6770.378159741409,3
INC_173,2023-06-23,Livestock Loss,Leopard,Village_13,5.006666402227188,4590.936250032224,1
INC_174,2023-06-24,Property Damage,Lion,Village_14,9.051421496457671,8429.971414759177,3
INC_175,2023-06-25,Livestock Loss,Leopard,Village_15,6.315781094790865,1647.3983633322923,2
INC_176,2023-06-26,Property Damage,Tiger,Village_16,3.9814928393433027,2767.7267813323097,3
INC_177,2023-06-27,Near Miss,Tiger,Village_17,1.20326657397535,3700.237649184061,5
INC_178,2023-06-28,Human Injury,Rhino,Village_18,2.93746801625561,6640.5707801990675,1
INC_179,2023-06-29,Human Injury,Rhino,Village_19,9.783402327965833,7166.554212713925,1
INC_180,2023-06-30,Crop Damage,Rhino,Village_0,4.373630628517775,2117.8296456739645,4
INC_181,2023-07-01,Near Miss,Rhino,Village_1,4.718394638448609,9494.242380925656,2
INC_182,2023-07-02,Near Miss,Tiger,Village_2,4.9859803239701534,4069.3972167118823,4
INC_183,2023-07-03,Property Damage,Rhino,Village_3,8.841040229482111,7418.518867002548,3
INC_184,2023-07-04,Near Miss,Tiger,Village_4,6.0392828438530985,5717.869470529289,5
INC_185,2023-07-05,Crop Damage,Leopard,Village_5,6.936770364519221,3004.8230219239595,5
INC_186,2023-07-06,Property Damage,Leopard,Village_6,3.89413542549104,8616.054908038699,5
INC_187,2023-07-07,Livestock Loss,Lion,Village_7,0.2908761858897435,8364.142253727368,5
INC_188,2023-07-08,Property Damage,Rhino,Village_8,9.309729142428443,4564.646685250211,2
INC_189,2023-07-09,Livestock Loss,Leopard,Village_9,9.491276809164065,6297.468271244698,3
INC_190,2023-07-10,Property Damage,Leopard,Village_10,9.49153053348051,3320.4312634234575,5
INC_191,2023-07-11,Human Injury,Elephant,Village_11,9.436870866467165,7208.664658716713,1
INC_192,2023-07-12,Livestock Loss,Elephant,Village_12,8.152419410695611,3781.241313583883,3
INC_193,2023-07-13,Crop Damage,Tiger,Village_13,6.845960501163269,8596.708609440113,2
INC_194,2023-07-14,Livestock Loss,Lion,Village_14,8.445099182672855,2956.465938495469,5
INC_195,2023-07-15,Livestock Loss,Elephant,Village_15,6.005462390010362,1133.2308053661773,2
INC_196,2023-07-16,Property Damage,Lion,Village_16,1.3436961389202362,3416.572377711266,5
INC_197,2023-07-17,Human Injury,Leopard,Village_17,3.9121816504142104,2719.4723781353805,1
INC_198,2023-07-18,Property Damage,Tiger,Village_18,9.712949119729375,5574.577957524319,3
INC_199,2023-07-19,Property Damage,Lion,Village_19,3.511378135956563,2833.329624909187,1
INC_200,2023-07-20,Human Injury,Elephant,Village_0,8.678279137313694,7868.708836475453,5
INC_201,2023-07-21,Property Damage,Leopard,Village_1,0.9321147077486958,3172.3357420360353,4
INC_202,2023-07-22,Human Injury,Rhino,Village_2,3.3418384237546963,7362.713619213901,3
INC_203,2023-07-23,Crop Damage,Leopard,Village_3,3.5095332472737963,6206.238307123516,2
INC_204,2023-07-24,Human Injury,Elephant,Village_4,0.5160254310898016,9876.24870824696,5
INC_205,2023-07-25,Near Miss,Elephant,Village_5,1.1909433018675497,9999.108793083085,1
INC_206,2023-07-26,Human Injury,Rhino,Village_6,1.9316521112177099,8825.734749855968,4
INC_207,2023-07-27,Human Injury,Leopard,Village_7,8.37815590810113,7839.85032368876,5
INC_208,2023-07-28,Near Miss,Lion,Village_8,0.6340198993980639,4478.107726005163,2
INC_209,2023-07-29,Human Injury,Lion,Village_9,2.9870090134438723,7779.490544181732,1
INC_210,2023-07-30,Livestock Loss,Leopard,Village_10,0.10175002589267512,9610.079833715416,3
INC_211,2023-07-31,Property Damage,Lion,Village_11,6.956277454030247,1210.3981785589974,4
INC_212,2023-08-01,Property Damage,Leopard,Village_12,6.203030900433798,5841.232301779649,5
INC_213,2023-08-02,Crop Damage,Leopard,Village_13,6.4498226205314175,2961.9847394959115,5
INC_214,2023-08-03,Crop Damage,Elephant,Village_14,3.7438278471461874,6020.886842819654,5
INC_215,2023-08-04,Near Miss,Tiger,Village_15,2.0826782126756904,5198.023807830021,5
INC_216,2023-08-05,Livestock Loss,Elephant,Village_16,7.2032021328603335,6181.917233970559,1
INC_217,2023-08-06,Crop Damage,Lion,Village_17,8.111178727406951,5958.659992768517,3
INC_218,2023-08-07,Property Damage,Tiger,Village_18,1.3860149809820177,9640.963352517058,2
INC_219,2023-08-08,Crop Damage,Leopard,Village_19,4.868294279374213,5969.674980412625,4
INC_220,2023-08-09,Crop Damage,Lion,Village_0,2.487156819788625,8616.088793123807,5
INC_221,2023-08-10,Human Injury,Rhino,Village_1,1.6810686120613372,3878.3825812076184,5
INC_222,2023-08-11,Crop Damage,Lion,Village_2,7.3432531349499905,4942.90619911944,3
INC_223,2023-08-12,Near Miss,Tiger,Village_3,5.38096935472837,5233.721284403289,3
INC_224,2023-08-13,Property Damage,Tiger,Village_4,2.1618533237866777,3508.5523900184176,1
INC_225,2023-08-14,Near Miss,Leopard,Village_5,3.100000112115451,4418.112353301597,1
INC_226,2023-08-15,Near Miss,Rhino,Village_6,9.666536713277424,6386.617715200977,1
INC_227,2023-08-16,Livestock Loss,Leopard,Village_7,8.486795647085566,6221.689869740791,4
INC_228,2023-08-17,Human Injury,Rhino,Village_8,8.799467428731283,6727.918101161325,1
INC_229,2023-08-18,Near Miss,Rhino,Village_9,4.60012097080708,4166.36123878127,5
INC_230,2023-08-19,Livestock Loss,Leopard,Village_10,6.238072639208751,3842.483456377514,1
INC_231,2023-08-20,Property Damage,Lion,Village_11,3.767677402044116,6504.560944787468,4
INC_232,2023-08-21,Property Damage,Elephant,Village_12,0.7771197568889054,2195.7557358477247,1
INC_233,2023-08-22,Livestock Loss,Rhino,Village_13,4.0106931065678255,3277.2838917892595,1
INC_234,2023-08-23,Near Miss,Tiger,Village_14,5.939807532071447,1379.149632576957,5
INC_235,2023-08-24,Near Miss,Leopard,Village_15,2.8714427076813145,1653.4976733647213,5
INC_236,2023-08-25,Human Injury,Lion,Village_16,8.479505747274157,3190.4495133454798,5
INC_237,2023-08-26,Human Injury,Rhino,Village_17,1.5110015917459863,1175.7635226722712,1
INC_238,2023-08-27,Property Damage,Lion,Village_18,3.671290894369199,3208.695328787154,5
INC_239,2023-08-28,Human Injury,Leopard,Village_19,1.2490390532420292,6894.786907558234,3
INC_240,2023-08-29,Livestock Loss,Tiger,Village_0,4.0483213398522535,1549.9637062203974,2
INC_241,2023-08-30,Property Damage,Rhino,Village_1,0.3966130497427045,4930.6301001517695,2
INC_242,2023-08-31,Near Miss,Rhino,Village_2,2.725493950616454,9217.979082275944,5
INC_243,2023-09-01,Property Damage,Lion,Village_3,4.007352551136837,8121.563460328609,4
INC_244,2023-09-02,Crop Damage,Leopard,Village_4,4.781653632766916,3748.937520653715,5
INC_245,2023-09-03,Property Damage,Elephant,Village_5,5.436963584751418,9323.249312724824,5
INC_246,2023-09-04,Human Injury,Rhino,Village_6,2.749911297899189,3966.8184707295236,1
INC_247,2023-09-05,Livestock Loss,Tiger,Village_7,5.230413346148723,1652.6394670380623,4
INC_248,2023-09-06,Near Miss,Rhino,Village_8,5.090046215620598,9946.503610913021,5
INC_249,2023-09-07,Near Miss,Rhino,Village_9,3.1617805087620843,8830.202744702547,3
INC_250,2023-09-08,Human Injury,Elephant,Village_10,8.302003306564782,5193.395049709831,2
INC_251,2023-09-09,Human Injury,Elephant,Village_11,5.456411265935651,6997.388717731635,3
INC_252,2023-09-10,Human Injury,Leopard,Village_12,3.32269718746545,7041.052700710032,3
INC_253,2023-09-11,Crop Damage,Rhino,Village_13,9.473385120807764,2750.340076574143,3
INC_254,2023-09-12,Livestock Loss,Rhino,Village_14,8.45112413071161,2800.4376983826905,4
INC_255,2023-09-13,Crop Damage,Lion,Village_15,9.825878115518009,5226.226330166432,4
INC_256,2023-09-14,Human Injury,Lion,Village_16,6.922338746454208,9204.158261239281,4
INC_257,2023-09-15,Livestock Loss,Tiger,Village_17,3.7822290550604687,1089.943973727137,2
INC_258,2023-09-16,Human Injury,Tiger,Village_18,2.8086066667901233,8042.550723544234,1
INC_259,2023-09-17,Livestock Loss,Lion,Village_19,6.63317843674481,1517.7410534318874,5
INC_260,2023-09-18,Near Miss,Tiger,Village_0,9.808165824953036,5303.99903394806,5
INC_261,2023-09-19,Crop Damage,Rhino,Village_1,6.267150801038488,6740.855497661288,1
INC_262,2023-09-20,Human Injury,Elephant,Village_2,8.816149409898381,7180.833403742184,5
INC_263,2023-09-21,Human Injury,Rhino,Village_3,3.291034310477686,1526.3133725432024,3
INC_264,2023-09-22,Property Damage,Lion,Village_4,4.069537824742556,4767.432556455714,2
INC_265,2023-09-23,Near Miss,Leopard,Village_5,9.062752395893533,6254.535344520922,5
INC_266,2023-09-24,Human Injury,Leopard,Village_6,7.5686670195781875,1594.4098357540624,2
INC_267,2023-09-25,Crop Damage,Lion,Village_7,9.814103203679057,2215.851009357788,1
INC_268,2023-09-26,Near Miss,Rhino,Village_8,7.747642097322419,6972.840905536346,5
INC_269,2023-09-27,Human Injury,Tiger,Village_9,4.485157072182318,5694.743769315865,2
INC_270,2023-09-28,Crop Damage,Tiger,Village_10,5.310680198223631,2456.457951414615,3
INC_271,2023-09-29,Property Damage,Leopard,Village_11,9.005154924631366,5817.154032232601,3
INC_272,2023-09-30,Property Damage,Lion,Village_12,5.51646736098048,9214.231360999742,1
INC_273,2023-10-01,Crop Damage,Lion,Village_13,2.5539737416444517,1140.2882629782753,4
INC_274,2023-10-02,Near Miss,Elephant,Village_14,4.3561981276994945,6783.703961372691,5
INC_275,2023-10-03,Crop Damage,Leopard,Village_15,5.163159888491179,1662.8539114480773,3
INC_276,2023-10-04,Crop Damage,Lion,Village_16,0.9671983355112956,1058.0449866823076,3
INC_277,2023-10-05,Property Damage,Elephant,Village_17,7.437626742528902,2355.8903979457045,1
INC_278,2023-10-06,Property Damage,Tiger,Village_18,1.09353933354973,4806.159686685274,3
INC_279,2023-10-07,Property Damage,Leopard,Village_19,4.049177133688056,8221.095990837577,5
INC_280,2023-10-08,Human Injury,Leopard,Village_0,8.046224415404046,3536.0694694410276,1
INC_281,2023-10-09,Human Injury,Lion,Village_1,4.675703616132969,6631.058911498828,2
INC_282,2023-10-10,Livestock Loss,Lion,Village_2,8.42015519718508,4700.409741597759,1
INC_283,2023-10-11,Human Injury,Rhino,Village_3,3.41881322056115,3108.9861276940715,5
INC_284,2023-10-12,Near Miss,Tiger,Village_4,9.576362939984355,5628.224028545727,5
INC_285,2023-10-13,Near Miss,Tiger,Village_5,2.0946843180523556,8177.180413353609,2
INC_286,2023-10-14,Property Damage,Elephant,Village_6,0.3826414498930131,8492.431330505297,1
INC_287,2023-10-15,Crop Damage,Elephant,Village_7,8.724265429904186,8618.675786895132,5
INC_288,2023-10-16,Property Damage,Rhino,Village_8,7.522027159504082,4047.0203129948145,5
INC_289,2023-10-17,Crop Damage,Tiger,Village_9,2.319838370673728,8141.104582441777,2
INC_290,2023-10-18,Property Damage,Elephant,Village_10,9.84741607136674,2909.6060959801707,4
INC_291,2023-10-19,Property Damage,Tiger,Village_11,5.022801292685278,7645.82591118595,1
INC_292,2023-10-20,Near Miss,Tiger,Village_12,9.510654401441634,9535.45983645355,5
INC_293,2023-10-21,Crop Damage,Elephant,Village_13,5.050287713869993,1123.6945122186148,3
INC_294,2023-10-22,Livestock Loss,Lion,Village_14,4.71874586771291,4963.275380609182,2
INC_295,2023-10-23,Livestock Loss,Lion,Village_15,4.49138537144465,6829.938895726042,4
INC_296,2023-10-24,Property Damage,Elephant,Village_16,3.348752761329502,7315.981934387977,4
INC_297,2023-10-25,Property Damage,Rhino,Village_17,5.337014971765517,2584.78982442282,2
INC_298,2023-10-26,Near Miss,Leopard,Village_18,4.525546619485679,9749.649477147335,4
INC_299,2023-10-27,Crop Damage,Tiger,Village_19,0.36746876623554137,6537.388311738757,5
INC_300,2023-10-28,Property Damage,Leopard,Village_0,2.604352334235025,2479.06541105441,4
INC_301,2023-10-29,Livestock Loss,Elephant,Village_1,2.131228001055584,1184.7026054126377,1
INC_302,2023-10-30,Crop Damage,Tiger,Village_2,8.674356023210665,8049.3777891079835,3
INC_303,2023-10-31,Property Damage,Leopard,Village_3,5.988699772268414,1717.3426550091317,5
INC_304,2023-11-01,Crop Damage,Lion,Village_4,7.6368310044972745,2269.458289632129,2
INC_305,2023-11-02,Near Miss,Rhino,Village_5,9.568260377492805,6173.470241701216,3
INC_306,2023-11-03,Livestock Loss,Leopard,Village_6,6.4403927252641004,6431.549531046578,5
INC_307,2023-11-04,Crop Damage,Rhino,Village_7,9.826099914047443,7181.984067331587,3
INC_308,2023-11-05,Livestock Loss,Lion,Village_8,3.117640516521296,4541.626113972587,4
INC_309,2023-11-06,Property Damage,Leopard,Village_9,1.8626718231289385,7965.088020701406,2
INC_310,2023-11-07,Human Injury,Elephant,Village_10,4.033098879929114,9769.227396542998,2
INC_311,2023-11-08,Crop Damage,Tiger,Village_11,4.70799414935808,3439.854487718947,1
INC_312,2023-11-09,Livestock Loss,Lion,Village_12,8.95361542852585,7327.257548841513,4
INC_313,2023-11-10,Crop Damage,Rhino,Village_13,5.599404390366764,9356.217871556411,1
INC_314,2023-11-11,Property Damage,Rhino,Village_14,2.92180999418017,7176.580863553384,1
INC_315,2023-11-12,Property Damage,Lion,Village_15,7.4263428286752085,7129.985487798335,4
INC_316,2023-11-13,Livestock Loss,Elephant,Village_16,5.058319371390709,3013.953121766859,5
INC_317,2023-11-14,Near Miss,Elephant,Village_17,1.6213194527517016,5816.171802877237,1
INC_318,2023-11-15,Crop Damage,Rhino,Village_18,5.768197875912522,6062.705592441222,3
INC_319,2023-11-16,Crop Damage,Lion,Village_19,9.113945368072839,7301.166062103575,5
INC_320,2023-11-17,Property Damage,Lion,Village_0,8.4262261747582,9971.393049065644,4
INC_321,2023-11-18,Crop Damage,Tiger,Village_1,5.868099726353311,1302.7944028938587,2
INC_322,2023-11-19,Livestock Loss,Rhino,Village_2,3.770831738849881,1587.0939514073816,5
INC_323,2023-11-20,Human Injury,Elephant,Village_3,0.8697875106421116,1701.5506248782688,1
INC_324,2023-11-21,Property Damage,Leopard,Village_4,4.696489233316238,7686.812210400612,3
INC_325,2023-11-22,Human Injury,Elephant,Village_5,7.520794375295791,2227.184155996818,4
INC_326,2023-11-23,Crop Damage,Elephant,Village_6,3.602737197330106,6602.066870413107,2
INC_327,2023-11-24,Near Miss,Leopard,Village_7,2.354468255516644,3922.019901041126,3
INC_328,2023-11-25,Livestock Loss,Rhino,Village_8,9.313797192709535,5115.879605896399,2
INC_329,2023-11-26,Crop Damage,Tiger,Village_9,8.215557004579924,2940.968438356725,4
INC_330,2023-11-27,Livestock Loss,Elephant,Village_10,6.382756194201447,8794.95905174088,5
INC_331,2023-11-28,Crop Damage,Elephant,Village_11,1.3678334392051938,6275.352917467238,1
INC_332,2023-11-29,Crop Damage,Rhino,Village_12,1.4490884040617302,9501.069372240274,4
INC_333,2023-11-30,Crop Damage,Rhino,Village_13,1.0321959145577897,6171.366247338966,3
INC_334,2023-12-01,Property Damage,Lion,Village_14,6.162966668927432,2115.17227537252,5
INC_335,2023-12-02,Human Injury,Rhino,Village_15,1.15562796473336,2537.833904546279,2
INC_336,2023-12-03,Near Miss,Rhino,Village_16,8.42627198862633,9901.665787310625,5
INC_337,2023-12-04,Human Injury,Elephant,Village_17,9.929650018193222,7530.08677597781,5
INC_338,2023-12-05,Human Injury,Tiger,Village_18,3.6634818470866524,1443.5087502618069,3
INC_339,2023-12-06,Livestock Loss,Elephant,Village_19,4.5366984696709745,7334.029045311983,1
INC_340,2023-12-07,Property Damage,Rhino,Village_0,7.116671769856787,4709.557421286505,5
INC_341,2023-12-08,Property Damage,Lion,Village_1,9.371530063257659,3764.8754814087147,5
INC_342,2023-12-09,Crop Damage,Tiger,Village_2,8.940937735563852,2386.5471435748086,1
INC_343,2023-12-10,Human Injury,Lion,Village_3,0.5759182874984858,8559.13559100909,1
INC_344,2023-12-11,Near Miss,Leopard,Village_4,1.6907180255676502,1574.572410901906,2
INC_345,2023-12-12,Livestock Loss,Lion,Village_5,7.545971985577923,3608.519161416763,2
INC_346,2023-12-13,Property Damage,Lion,Village_6,6.888931080324473,3757.4460444313395,1
INC_347,2023-12-14,Crop Damage,Rhino,Village_7,1.3321859404012326,2448.147555671503,4
INC_348,2023-12-15,Near Miss,Rhino,Village_8,5.020645820015677,5573.663949581833,1
INC_349,2023-12-16,Human Injury,Rhino,Village_9,7.808146310852956,1105.3236412980336,2
INC_350,2023-12-17,Near Miss,Rhino,Village_10,2.1878068226269365,3708.779638693682,3
INC_351,2023-12-18,Property Damage,Rhino,Village_11,8.712876357346662,9402.664996297577,3
INC_352,2023-12-19,Livestock Loss,Lion,Village_12,0.5297177482036797,3794.7661240780512,5
INC_353,2023-12-20,Human Injury,Leopard,Village_13,7.821950850680739,4244.134483960765,3
INC_354,2023-12-21,Livestock Loss,Rhino,Village_14,6.158188997898702,5258.485434106644,2
INC_355,2023-12-22,Near Miss,Leopard,Village_15,3.151993466543491,6055.240373663272,3
INC_356,2023-12-23,Near Miss,Leopard,Village_16,7.209325483419113,8278.377803386695,4
INC_357,2023-12-24,Crop Damage,Elephant,Village_17,7.8236579515115965,2712.8910084041586,1
INC_358,2023-12-25,Human Injury,Elephant,Village_18,9.338989713039693,8845.717394733016,1
INC_359,2023-12-26,Near Miss,Tiger,Village_19,3.6777467215426363,7817.944214295005,2
INC_360,2023-12-27,Property Damage,Elephant,Village_0,6.860167359799549,7503.853011953997,5
INC_361,2023-12-28,Property Damage,Rhino,Village_1,6.026162769346909,1781.2411634317173,1
INC_362,2023-12-29,Livestock Loss,Leopard,Village_2,5.2520606945708845,1194.766209771262,3
INC_363,2023-12-30,Property Damage,Tiger,Village_3,8.904164741550378,6346.114308172756,4
INC_364,2023-12-31,Near Miss,Elephant,Village_4,0.031673141384003234,8768.205662708451,5
INC_365,2023-01-01,Property Damage,Lion,Village_5,2.8211160610359762,6259.973177265723,5
INC_366,2023-01-02,Human Injury,Tiger,Village_6,5.382772395448301,2919.1137890097775,5
INC_367,2023-01-03,Livestock Loss,Rhino,Village_7,1.7829326163655235,1814.679081542919,1
INC_368,2023-01-04,Human Injury,Leopard,Village_8,9.078665337327582,7296.3680753596145,5
INC_369,2023-01-05,Near Miss,Rhino,Village_9,6.475951176130153,7495.932495860286,2
INC_370,2023-01-06,Near Miss,Rhino,Village_10,4.778829946319899,2552.785306183978,3
INC_371,2023-01-07,Property Damage,Lion,Village_11,8.147017590666545,1253.7128394688266,4
INC_372,2023-01-08,Crop Damage,Lion,Village_12,4.508861914651038,4674.551619008773,3
INC_373,2023-01-09,Crop Damage,Leopard,Village_13,5.586530119300095,6244.468319197199,2
INC_374,2023-01-10,Near Miss,Elephant,Village_14,0.027509955539209985,7354.02168610472,2
INC_375,2023-01-11,Near Miss,Rhino,Village_15,3.6570053019507354,8289.505082376125,3
INC_376,2023-01-12,Livestock Loss,Elephant,Village_16,1.3879047235096975,6494.836845760591,1
INC_377,2023-01-13,Near Miss,Leopard,Village_17,6.896886806622911,1997.9254773863654,2
INC_378,2023-01-14,Near Miss,Rhino,Village_18,4.7902695897573375,7143.235049281733,5
INC_379,2023-01-15,Livestock Loss,Elephant,Village_19,3.0175755725023077,9857.589786053939,4
INC_380,2023-01-16,Human Injury,Rhino,Village_0,4.678323393717424,9150.261261376636,4
INC_381,2023-01-17,Human Injury,Lion,Village_1,2.096298879513462,8845.020183425615,2
INC_382,2023-01-18,Livestock Loss,Lion,Village_2,9.250866324861406,3719.5313802250676,5
INC_383,2023-01-19,Livestock Loss,Tiger,Village_3,0.53972632550913,7757.093588086006,3
INC_384,2023-01-20,Human Injury,Leopard,Village_4,8.654170352961204,8659.93101368631,4
INC_385,2023-01-21,Human Injury,Elephant,Village_5,5.11358788733351,7104.935841681368,5
INC_386,2023-01-22,Human Injury,Rhino,Village_6,6.189464961388173,3255.0558091118246,5
INC_387,2023-01-23,Human Injury,Tiger,Village_7,3.026056209087038,9584.505746874625,1
INC_388,2023-01-24,Property Damage,Leopard,Village_8,9.666976167943213,5057.374703128083,2
INC_389,2023-01-25,Livestock Loss,Leopard,Village_9,2.8185095851948985,2168.2500279929145,5
INC_390,2023-01-26,Crop Damage,Leopard,Village_10,5.888779971403043,1988.001055516528,3
INC_391,2023-01-27,Property Damage,Elephant,Village_11,9.934167051071288,6827.670885691412,4
INC_392,2023-01-28,Crop Damage,Lion,Village_12,8.810943963834458,4939.386817750652,1
INC_393,2023-01-29,Crop Damage,Tiger,Village_13,5.36329825286106,1850.3548766106726,3
INC_394,2023-01-30,Near Miss,Elephant,Village_14,9.90374522967212,7663.281149404852,4
INC_395,2023-01-31,Livestock Loss,Rhino,Village_15,7.013698617326146,8193.926505327578,2
INC_396,2023-02-01,Property Damage,Elephant,Village_16,2.0870041614180934,7528.740677078062,3
INC_397,2023-02-02,Livestock Loss,Rhino,Village_17,4.0559621043580645,2820.347899156116,4
INC_398,2023-02-03,Human Injury,Rhino,Village_18,3.34493334011551,7207.979103964624,1
INC_399,2023-02-04,Livestock Loss,Leopard,Village_19,3.4401370827118916,1096.5052260494658,4
